Genres,IMDb,Prime Video,Rotten Tomatoes,Title,Year,_id
"Mystery,Thriller",6.4,true,73,Fractured,2019,616528458a2fde8299a2ac21
"Comedy,Crime,Drama,Music",6.4,true,65,Beats,2019,616528458a2fde8299a2adad
"Comedy,Drama",6.2,true,50,Door Ke Darshan,2020,616528458a2fde8299a2b30d
"Comedy,Family",5.5,true,50,House Arrest,2019,616528458a2fde8299a2b34b
"Comedy,Family",5.2,true,50,Back of the Net,2019,616528458a2fde8299a2b354
"Action,Drama,Thriller",6.2,true,49,Redemption,2019,616528458a2fde8299a2b3bd
"Action,Comedy,Crime,Fantasy",5.8,true,49,Maska,2020,616528458a2fde8299a2b3cc
Drama,5.5,true,42,Albert Pinto Ko Gussa Kyun Aata Hai?,2019,616528458a2fde8299a2b64f
"Biography,Crime,Drama,Romance",7.1,true,40,Skin,2019,616528458a2fde8299a2b731
Family,4.4,true,39,Hope Ranch,2020,616528458a2fde8299a2b762
"Horror,Mystery,Thriller",5.7,true,67,"Child's Play",2019,616528458a2fde8299a2ba0b
Documentary,7,true,59,Stray,2020,616528458a2fde8299a2bb19
"Drama,Sci-Fi,Thriller",5.7,true,58,The Mandela Effect,2019,616528458a2fde8299a2bb2f
"Crime,Drama",6.2,true,51,Ms. Purple,2019,616528458a2fde8299a2bc1d
"Biography,Comedy,Drama,Family,Romance",6.6,true,51,Red Dog,2019,616528458a2fde8299a2bc1f
"Comedy,Drama,Romance",4.4,true,50,Good Kisser,2019,616528458a2fde8299a2bc35
"Action,Adventure,Drama,Fantasy,War",4.2,true,46,The Warrior Queen of Jhansi,2019,616528458a2fde8299a2bc87
"Animation,Drama,Family,Fantasy,Mystery,Romance",4.3,true,43,12 Pups of Christmas,2019,616528458a2fde8299a2bcb6
Family,5.9,true,43,Next Level,2019,616528458a2fde8299a2bcbf
"Comedy,Romance",4.6,true,42,Christmas Crush,2019,616528458a2fde8299a2bcc3
"Drama,Music,Romance",8,true,91,Gully Boy,2019,616528458a2fde8299a2bcf2
Drama,7.3,true,89,Honey Boy,2019,616528458a2fde8299a2bcf4
"Biography,Crime,Drama,History,Thriller",7.2,true,89,The Report,2019,616528458a2fde8299a2bcf5
Comedy,6.7,true,88,Borat Subsequent Moviefilm,2020,616528458a2fde8299a2bcf7
"Comedy,Crime,Drama,Mystery,Thriller",7.9,true,85,Knives Out,2019,616528458a2fde8299a2bcfd
"Comedy,Drama",6.8,true,85,Brittany Runs a Marathon,2019,616528458a2fde8299a2bcff
Drama,7.8,true,85,Invisible Life,2019,616528458a2fde8299a2bd00
"Documentary,History",7.5,true,84,One Child Nation,2019,616528458a2fde8299a2bd02
"Comedy,Drama",6.5,true,84,Late Night,2019,616528458a2fde8299a2bd04
"Comedy,Drama,Mystery",6.4,true,82,Blow the Man Down,2019,616528458a2fde8299a2bd0b
Drama,6.8,true,82,Thappad,2020,616528458a2fde8299a2bd0c
"Drama,Horror,Mystery,Thriller",7.1,true,80,Midsommar,2019,616528458a2fde8299a2bd19
"Drama,Music",7.8,true,80,Sound of Metal,2020,616528458a2fde8299a2bd1a
"Drama,Fantasy,Horror,Mystery",7.5,true,80,The Lighthouse,2019,616528458a2fde8299a2bd1b
"Drama,Music,Romance",6.8,true,78,"Sylvie's Love",2020,616528458a2fde8299a2bd2a
"Action,Comedy",6.4,true,76,My Spy,2020,616528458a2fde8299a2bd3b
"Comedy,Drama",7.6,true,76,The Farewell,2019,616528458a2fde8299a2bd45
"Action,Drama,Thriller",6.3,true,75,7500,2019,616528458a2fde8299a2bd49
Comedy,6.9,true,75,Good Newwz,2019,616528458a2fde8299a2bd53
"Documentary,Biography,Music",7.8,true,75,Chasing Happiness,2019,616528458a2fde8299a2bd55
"Drama,Romance",6.9,true,74,Photograph,2019,616528458a2fde8299a2bd64
Documentary,6.6,true,74,All In: The Fight for Democracy,2020,616528458a2fde8299a2bd65
"Action,Comedy,Thriller",6.3,true,74,Guns Akimbo,2020,616528458a2fde8299a2bd69
"Crime,Drama",6.8,true,73,Time,2020,616528458a2fde8299a2bd6f
"Action,Comedy,Horror,Music",6.2,true,73,Get Duked!,2019,616528458a2fde8299a2bd7a
"Mystery,Thriller",6.2,true,73,A Dark Place,2019,616528458a2fde8299a2bd7c
"Action,Thriller",6.1,true,73,Rambo: Last Blood,2019,616528458a2fde8299a2bd7d
"Action,Thriller",6,true,72,Unhinged,2020,616528458a2fde8299a2bd8b
"Action,Crime,Drama,Thriller",6,true,72,Honest Thief,2020,616528458a2fde8299a2bd8f
"Animation,Drama,Family,Fantasy,Musical",6.2,true,72,Pinocchio,2019,616528458a2fde8299a2bd90
"Drama,Mystery,Sci-Fi,Thriller",6.7,true,72,The Vast of Night,2020,616528458a2fde8299a2bd91
"Action,Adventure,Drama,Romance",6.6,true,71,The Aeronauts,2019,616528458a2fde8299a2bda8
"Comedy,Horror,Mystery,Sci-Fi",5.8,true,71,Vivarium,2019,616528458a2fde8299a2bdb2
"Action,Crime,Drama,Thriller",6.6,true,70,The Informer,2019,616528458a2fde8299a2bdb7
Drama,7.3,true,70,The Last Black Man in San Francisco,2019,616528458a2fde8299a2bdc7
Documentary,8.8,true,69,Uncle Tom,2020,616528458a2fde8299a2bdd3
"Action,Drama,War",6.8,true,69,Danger Close: The Battle of Long Tan,2019,616528458a2fde8299a2bde7
"Horror,Mystery,Sci-Fi,Thriller",8,true,69,Rewind,2019,616528458a2fde8299a2bdee
"Comedy,Drama",7.3,true,69,Uncle Frank,2020,616528458a2fde8299a2bdf3
"Comedy,Romance",6.5,true,68,A Rainy Day in New York,2019,616528458a2fde8299a2bdfa
"Drama,Romance",6.1,true,68,Life in a Year,2020,616528458a2fde8299a2be05
"Drama,Mystery,Sci-Fi,Thriller",6.4,true,68,Archive,2020,616528458a2fde8299a2be14
"Biography,Drama",6.1,true,67,Shakuntala Devi,2020,616528458a2fde8299a2be26
Drama,6.3,true,67,The Goldfinch,2019,616528458a2fde8299a2be47
"Action,Crime,Thriller",6.2,true,66,The Silencing,2020,616528458a2fde8299a2be51
"Drama,Romance",7.2,true,66,Words on Bathroom Walls,2020,616528458a2fde8299a2be67
"Drama,Mystery,Romance",6.4,true,66,The Souvenir,2019,616528458a2fde8299a2be72
"Action,Drama,Sci-Fi,Thriller",6.1,true,66,The Blackout,2019,616528458a2fde8299a2be78
"Drama,Sci-Fi,Thriller",6.6,true,65,Light of My Life,2019,616528458a2fde8299a2be7b
"Biography,Drama,Thriller",5.8,true,65,Seberg,2019,616528458a2fde8299a2be8f
"Action,Crime,Thriller",5.9,true,65,Night Hunter,2019,616528458a2fde8299a2be94
"Action,Adventure,Comedy",5.7,true,65,Jay and Silent Bob Reboot,2019,616528458a2fde8299a2be97
"Horror,Mystery,Thriller",4.8,true,65,Evil Eye,2020,616528458a2fde8299a2be98
"Biography,Drama,Romance",6.2,true,65,Radioactive,2020,616528458a2fde8299a2be9b
"Crime,Drama",6.2,true,65,"I'm Your Woman",2020,616528458a2fde8299a2be9c
"Action,Drama,Thriller",7.9,true,65,Virus,2019,616528458a2fde8299a2bea3
"Comedy,Horror,Mystery,Thriller",6,true,65,Come to Daddy,2020,616528458a2fde8299a2bea6
"Comedy,Crime,Mystery,Thriller",8.4,true,64,Agent Sai Srinivasa Athreya,2019,616528458a2fde8299a2beb8
"Comedy,Drama,Family",6.9,true,64,Troop Zero,2019,616528458a2fde8299a2bebe
"Comedy,Drama,Music,Musical,Thriller",6.7,true,64,Guava Island,2019,616528458a2fde8299a2bec2
"Drama,Romance",6.5,true,64,The Secret: Dare to Dream,2020,616528458a2fde8299a2bec8
"Drama,Romance",6.3,true,64,Chemical Hearts,2020,616528458a2fde8299a2beca
"Action,Adventure,Drama,Fantasy",5.9,true,64,Mortal,2020,616528458a2fde8299a2beec
"Action,Drama,History,Thriller,War",7.4,true,64,Kesari,2019,616528458a2fde8299a2beef
"Crime,Thriller",6,true,63,Arkansas,2020,616528458a2fde8299a2befa
"Adventure,Drama,Horror,Thriller",5,true,63,47 Meters Down: Uncaged,2019,616528458a2fde8299a2bf04
"Comedy,Drama,Music,Romance",6.3,true,63,Gloria Bell,2019,616528458a2fde8299a2bf0e
"Crime,Drama,Mystery,Thriller",5.8,true,62,The Vanishing,2019,616528458a2fde8299a2bf2b
Drama,7,true,61,Herself,2020,616528458a2fde8299a2bf60
"Crime,Drama,Fantasy,Horror,Mystery,Thriller",6.1,true,61,"Daniel Isn't Real",2019,616528458a2fde8299a2bf68
"Action,Crime,Thriller",7.5,true,61,Jallikattu,2019,616528458a2fde8299a2bf6a
"Crime,Thriller",6.1,true,61,Target Number One,2020,616528458a2fde8299a2bf78
"Action,Crime,Drama,Mystery,Thriller",7.7,true,61,HIT: The First Case,2020,616528458a2fde8299a2bf81
"Drama,Romance",8.3,true,61,Love Mocktail,2020,616528458a2fde8299a2bf8d
"Horror,Mystery,Sci-Fi,Thriller",6.2,true,61,Black Box,2020,616528458a2fde8299a2bf91
"Action,Biography,Drama,Thriller,War",5.9,true,61,The Kill Team,2019,616528458a2fde8299a2bf92
Drama,6.6,true,61,Blackbird,2019,616528458a2fde8299a2bf95
Documentary,7.6,true,61,Never Surrender: A Galaxy Quest Documentary,2019,616528458a2fde8299a2bf99
Drama,7.4,true,60,House of Hummingbird,2019,616528458a2fde8299a2bfa2
Documentary,7.1,true,60,Super Size Me 2: Holy Chicken!,2019,616528458a2fde8299a2bfa3
Documentary,7,true,60,Jasper Mall,2020,616528458a2fde8299a2bfae
"Action,Sci-Fi,Thriller",5.3,true,60,Monsters of Man,2020,616528458a2fde8299a2bfb6
"Crime,Drama,Mystery,Thriller",5.7,true,60,A Vigilante,2019,616528458a2fde8299a2bfc0
"Mystery,Romance,Thriller",6.3,true,60,The Fare,2019,616528458a2fde8299a2bfd2
"Action,Drama,Sport",7,true,60,Bigil,2019,616528458a2fde8299a2bfd3
Romance,8,true,60,Sufna,2020,616528458a2fde8299a2bfd7
Comedy,7.2,true,60,Jimmy O. Yang: Good Deal,2020,616528458a2fde8299a2bfde
"Comedy,Drama",6.6,true,60,Jawaani Jaaneman,2020,616528458a2fde8299a2bfe0
"Crime,Drama,Thriller",6.5,true,60,Back Roads,2019,616528458a2fde8299a2bfe2
Documentary,6.3,true,60,#UNFIT: The Psychology of Donald Trump,2020,616528458a2fde8299a2bfef
"Drama,Family",6.9,true,59,Storm Boy,2019,616528458a2fde8299a2bffb
"Action,Crime,Thriller",4.4,true,59,Escape Plan: The Extractors,2019,616528458a2fde8299a2c012
"Action,Thriller",5,true,59,Kill Chain,2020,616528458a2fde8299a2c01b
Thriller,4.9,true,59,Wander,2020,616528458a2fde8299a2c02f
"Horror,Mystery,Thriller",5.7,true,59,Nocturne,2020,616528458a2fde8299a2c035
"Action,Drama,Romance",7.4,true,58,Dear Comrade,2019,616528458a2fde8299a2c050
"Documentary,Biography,Music",7.3,true,58,Mystify: Michael Hutchence,2019,616528458a2fde8299a2c053
"Animation,Action,Adventure,Drama,Family,Fantasy",6.6,true,58,Jiang Ziya: The Legend of Deification,2020,616528458a2fde8299a2c06d
"Action,Drama",7.3,true,58,Maharshi,2019,616528458a2fde8299a2c07b
"Drama,Western",5.9,true,58,Never Grow Old,2019,616528458a2fde8299a2c08f
"Comedy,Drama",6.8,true,58,Chhalaang,2020,616528458a2fde8299a2c090
"Action,Crime,Drama,Thriller",4.5,true,58,Force of Nature,2020,616528458a2fde8299a2c091
"Comedy,Talk-Show",7.9,true,58,The Grand Tour Presents: A Massive Hunt,2020,616528458a2fde8299a2c095
"Drama,Thriller",6.3,true,57,Low Tide,2019,616528458a2fde8299a2c0ab
"Documentary,Biography,Music",7.6,true,57,Gordon Lightfoot: If You Could Read My Mind,2019,616528458a2fde8299a2c0ac
"Comedy,Drama,Mystery",6.3,true,57,Sometimes Always Never,2019,616528458a2fde8299a2c0c2
"Action,Adventure,Drama,History",7.4,true,57,Sye Raa Narasimha Reddy,2019,616528458a2fde8299a2c0d5
Comedy,7.6,true,57,Jim Gaffigan: Quality Time,2019,616528458a2fde8299a2c0d7
"Horror,Mystery,Thriller",5.7,true,57,The Dead Center,2019,616528458a2fde8299a2c0e2
Documentary,7.1,true,57,Missing 411: The Hunted,2019,616528458a2fde8299a2c0e4
Thriller,4.7,true,57,The Poison Rose,2019,616528458a2fde8299a2c0ea
Drama,6.4,true,57,The Kindness of Strangers,2019,616528458a2fde8299a2c0ed
Documentary,6.2,true,57,Close Encounters of the Fifth Kind,2020,616528458a2fde8299a2c0fd
"Comedy,Drama,Thriller",7.2,true,57,Driving Licence,2019,616528458a2fde8299a2c0ff
"Comedy,Drama",6.3,true,57,Gulabo Sitabo,2020,616528458a2fde8299a2c107
"Comedy,Romance",5.8,true,56,Shubh Mangal Zyada Saavdhan,2020,616528458a2fde8299a2c115
"Action,Comedy,Drama",6,true,56,Sarileru Neekevvaru,2020,616528458a2fde8299a2c11d
"Adventure,Fantasy",4.9,true,56,Abigail,2019,616528458a2fde8299a2c14c
Documentary,6.9,true,56,The Booksellers,2020,616528458a2fde8299a2c157
"Biography,Crime,Drama",4.7,true,56,Capone,2020,616528458a2fde8299a2c15b
"Action,Drama,History,War",6.3,true,56,15 Minutes of War,2019,616528458a2fde8299a2c15d
"Action,Comedy,Drama",4.9,true,56,Bharat,2019,616528458a2fde8299a2c163
"Comedy,Drama",5.7,true,55,Changeland,2019,616528458a2fde8299a2c170
Documentary,7.9,true,55,Andy Murray: Resurfacing,2019,616528458a2fde8299a2c174
"Comedy,Drama,Family,Sci-Fi",5.2,true,55,Think Like a Dog,2020,616528458a2fde8299a2c17c
"Biography,Drama,History",5.6,true,55,The Glorias,2020,616528458a2fde8299a2c182
"Action,Crime,Thriller",4.4,true,55,Domino,2019,616528458a2fde8299a2c18c
"Drama,Thriller",5.3,true,55,The Isle,2019,616528458a2fde8299a2c1a0
"Horror,Thriller",4.9,true,55,Pandemic,2020,616528458a2fde8299a2c1b2
"Action,Comedy,Drama,Musical,Romance",7.5,true,55,Ishq,2019,616528458a2fde8299a2c1c7
"Crime,Drama,Thriller",5.6,true,54,Blood on Her Name,2020,616528458a2fde8299a2c1ce
"Drama,Thriller,War",5.9,true,54,Waiting for Anya,2020,616528458a2fde8299a2c1db
"Comedy,Horror,Thriller",5.6,true,54,Seven Stages to Achieve Eternal Bliss,2020,616528458a2fde8299a2c1e0
"Crime,Thriller",4.1,true,54,The Fanatic,2019,616528458a2fde8299a2c1e1
"Action,Drama,Thriller",4.1,true,54,Survive the Night,2020,616528458a2fde8299a2c1e2
"Adventure,Family,Fantasy",6.4,true,54,The Ash Lad: In Search of the Golden Castle,2019,616528458a2fde8299a2c1e9
Comedy,6.9,true,54,Ujda Chaman,2019,616528458a2fde8299a2c1eb
"Documentary,Biography",7.4,true,54,Keith Haring: Street Art Boy,2020,616528458a2fde8299a2c1ed
Drama,7.4,true,54,Raatchasi,2019,616528458a2fde8299a2c1ef
Drama,4.9,true,54,Selah and the Spades,2019,616528458a2fde8299a2c1f6
Documentary,6.9,true,54,Citizen K,2019,616528458a2fde8299a2c221
"Drama,Horror,Thriller",6,true,54,M.O.M. Mothers of Monsters,2020,616528458a2fde8299a2c224
Documentary,6.9,true,53,Netflix vs. the World,2019,616528458a2fde8299a2c226
"Action,Crime",4.8,true,53,Toofan,2020,616528458a2fde8299a2c22e
"Comedy,Drama,Romance",6.3,true,53,Eternal Beauty,2020,616528458a2fde8299a2c23d
"Documentary,Music",7.4,true,53,Happiness Continues,2020,616528458a2fde8299a2c240
"Documentary,Biography,Music",5.9,true,53,The Boy from Medellín,2020,616528458a2fde8299a2c243
"Comedy,Mystery,Thriller",6.2,true,53,Extracurricular Activities,2019,616528458a2fde8299a2c245
"Crime,Drama,Thriller",5.6,true,53,The Corrupted,2019,616528458a2fde8299a2c247
Comedy,7.4,true,53,Sushi by Biswa Kalyan Rath,2019,616528458a2fde8299a2c24c
Crime,5.6,true,53,Once Upon a Time in London,2019,616528458a2fde8299a2c262
"Drama,Romance",7.2,true,53,Chitralahari,2019,616528458a2fde8299a2c263
Drama,5.9,true,53,More Beautiful for Having Been Broken,2020,616528458a2fde8299a2c272
"Crime,Drama,Mystery",5.3,true,53,Saving Zoë,2019,616528458a2fde8299a2c27f
"Fantasy,Horror,Thriller",4.8,true,53,Broil,2020,616528458a2fde8299a2c280
Drama,6,true,52,From the Vine,2019,616528458a2fde8299a2c28d
Comedy,6.1,true,52,The Planters,2019,616528458a2fde8299a2c28e
Comedy,5.6,true,52,The Wedding Year,2019,616528458a2fde8299a2c2a4
"Action,Drama",5.6,true,52,Walkaway Joe,2020,616528458a2fde8299a2c2a7
"Adventure,Crime,Drama",5.7,true,52,The True Adventures of Wolfboy,2019,616528458a2fde8299a2c2aa
Comedy,6.2,true,52,Frances Ferguson,2019,616528458a2fde8299a2c2ae
"Crime,Drama,Thriller",7.8,true,52,Magamuni,2019,616528458a2fde8299a2c2b6
"Drama,Romance",3.6,true,52,Kalank,2019,616528458a2fde8299a2c2b7
"Action,Comedy,Sci-Fi",4.8,true,52,Max Cloud,2020,616528458a2fde8299a2c2bb
"Crime,Drama,Thriller",6.8,true,52,Ponmagal Vandhal,2020,616528458a2fde8299a2c2bd
"Drama,Romance",7,true,52,Jaanu,2020,616528458a2fde8299a2c2be
"Action,Thriller",6.5,true,52,Kaappaan,2019,616528458a2fde8299a2c2bf
Action,7.1,true,52,George Reddy,2019,616528458a2fde8299a2c2c2
"Family,Fantasy",5.1,true,52,Four Kids and It,2020,616528458a2fde8299a2c2cc
"Action,Biography,Drama,History",6.4,true,52,Manikarnika: The Queen of Jhansi,2019,616528458a2fde8299a2c2cf
"Mystery,Thriller",5.1,true,52,The Dark Red,2020,616528458a2fde8299a2c2d8
"Action,Thriller",6.4,true,52,Falaknuma Das,2019,616528458a2fde8299a2c2db
Horror,4.8,true,52,The Special,2020,616528458a2fde8299a2c2de
Documentary,7.5,true,52,A Most Beautiful Thing,2020,616528458a2fde8299a2c2eb
"Animation,Adventure,Family,Fantasy",6.1,true,51,Birthday Wonderland,2019,616528458a2fde8299a2c2fd
"Adventure,Comedy",5.2,true,51,I Hate Kids,2019,616528458a2fde8299a2c30a
Drama,7.2,true,51,When We Last Spoke,2020,616528458a2fde8299a2c30c
"Action,Crime,Thriller",3.6,true,51,10 Minutes Gone,2019,616528458a2fde8299a2c315
Documentary,7.4,true,51,Fiddler: A Miracle of Miracles,2019,616528458a2fde8299a2c319
"Crime,Thriller",5.4,true,51,100 Days to Live,2019,616528458a2fde8299a2c31a
"Action,Western",5.3,true,51,Big Kill,2019,616528458a2fde8299a2c335
"Comedy,Drama",6,true,51,Elsewhere,2020,616528458a2fde8299a2c336
Drama,7.2,true,51,What the Constitution Means to Me,2020,616528458a2fde8299a2c338
"Crime,Thriller",6.2,true,51,American Dreamer,2019,616528458a2fde8299a2c33d
Horror,5.6,true,51,The Source of Shadows,2020,616528458a2fde8299a2c340
"Horror,Mystery",4.9,true,51,The Odds,2019,616528458a2fde8299a2c35c
Reality-TV,5,true,51,Kindred Spirits,2019,616528458a2fde8299a2c368
"Comedy,Drama",4.8,true,51,Summer Night,2019,616528458a2fde8299a2c36a
"Action,Drama,Sci-Fi",6,true,50,Out of Time,2019,616528458a2fde8299a2c36d
"Drama,Romance",5.4,true,50,See You Soon,2019,616528458a2fde8299a2c371
Comedy,5.7,true,50,Spinster,2020,616528458a2fde8299a2c373
"Action,Drama,Sport,Thriller",4.4,true,50,Trading Paint,2019,616528458a2fde8299a2c378
"Documentary,Biography,Sport",6.6,true,50,Kroos,2019,616528458a2fde8299a2c37c
Comedy,5.7,true,50,Yearly Departed,2020,616528458a2fde8299a2c37d
"Drama,Thriller",6.2,true,50,Aadai,2019,616528458a2fde8299a2c383
"Action,Adventure,History",3.1,true,50,The Legion,2020,616528458a2fde8299a2c38c
"Adventure,Horror",4.5,true,50,They Reach,2020,616528458a2fde8299a2c396
"Comedy,Drama,Sport",5.3,true,50,Britt-Marie Was Here,2019,616528458a2fde8299a2c39f
"Animation,Drama,Music",7.1,true,50,Sound! Euphonium the Movie - Our Promise: A Brand New Day,2019,616528458a2fde8299a2c3a1
"Adventure,Comedy,Sci-Fi",4.9,true,50,Max Reload and the Nether Blasters,2020,616528458a2fde8299a2c3bc
Drama,5.6,true,50,Bottom of the 9th,2019,616528458a2fde8299a2c3bf
"Fantasy,Horror,Mystery,Thriller",4.5,true,50,Darkness Falls,2020,616528458a2fde8299a2c3d4
"Drama,Mystery,Thriller",4.6,true,50,The Winter Lake,2020,616528458a2fde8299a2c3d7
Drama,7.3,true,49,Ardab Mutiyaran,2019,616528458a2fde8299a2c3e4
"Adventure,Drama,Family",5.3,true,49,Antarctica,2020,616528458a2fde8299a2c3ed
Horror,4.2,true,49,The Jack in the Box,2020,616528458a2fde8299a2c3f1
"Action,Drama,Romance,Thriller",5.6,true,49,Enai Noki Paayum Thota,2019,616528458a2fde8299a2c412
Comedy,6.2,true,49,F2: Fun and Frustration,2019,616528458a2fde8299a2c428
"Action,Adventure,Drama,History",5.5,true,49,The Climbers,2019,616528458a2fde8299a2c42a
"Action,Comedy,Drama",5.5,true,49,Venky Mama,2019,616528458a2fde8299a2c42d
Horror,4.2,true,49,Inmate Zero,2020,616528458a2fde8299a2c431
Comedy,5.3,true,49,"My Dad's Christmas Date",2020,616528458a2fde8299a2c435
Comedy,5.6,true,49,Making Babies,2019,616528458a2fde8299a2c437
Comedy,5.3,true,49,Lazy Susan,2020,616528458a2fde8299a2c438
Drama,6.1,true,49,A Dog Barking at the Moon,2019,616528458a2fde8299a2c440
"Horror,Mystery",4.5,true,49,"Don't Let Them In",2020,616528458a2fde8299a2c450
"Comedy,Drama,Romance",6.5,true,49,Chandigarh Amritsar Chandigarh,2019,616528458a2fde8299a2c45c
"Comedy,Drama,Romance",5.9,true,48,Never Too Late,2020,616528458a2fde8299a2c465
Comedy,6.8,true,48,David Cross: Oh Come On,2019,616528458a2fde8299a2c471
Thriller,4.6,true,48,Beneath The Leaves,2019,616528458a2fde8299a2c479
"Comedy,Fantasy,Horror",4.8,true,48,Halloween Party,2019,616528458a2fde8299a2c47a
Music,7.3,true,48,Savage X Fenty Show Vol. 2,2020,616528458a2fde8299a2c47b
"Comedy,Fantasy,Horror,Thriller",3.6,true,48,Killer Sofa,2019,616528458a2fde8299a2c48b
Comedy,6.1,true,48,Halal Love Story,2020,616528458a2fde8299a2c494
"Comedy,Drama",5.7,true,48,"She's In Portland",2020,616528458a2fde8299a2c496
Comedy,6.2,true,48,Getting to Know You,2020,616528458a2fde8299a2c49b
Documentary,7,true,48,Once is Enough,2020,616528458a2fde8299a2c4a0
"Drama,Horror,Thriller",2.8,true,48,The Haunting of Sharon Tate,2019,616528458a2fde8299a2c4b9
Documentary,8.3,true,48,Pain Warriors,2019,616528458a2fde8299a2c4c3
"Action,Comedy,Crime",3,true,48,Dabangg 3,2019,616528458a2fde8299a2c4cc
"Action,Crime,Thriller",5.7,true,48,Kadaram Kondan,2019,616528458a2fde8299a2c4dd
Action,6.7,true,47,Yajamana,2019,616528458a2fde8299a2c4f0
Documentary,7,true,47,Most Likely to Succeed,2019,616528458a2fde8299a2c519
"Drama,War",3.8,true,47,The Great War,2019,616528458a2fde8299a2c51e
"Drama,Mystery,Thriller",4.6,true,47,Penguin,2020,616528458a2fde8299a2c52c
Documentary,6.4,true,47,American Tragedy,2019,616528458a2fde8299a2c536
Documentary,9,true,47,They Come to America IV: Immigration & Politics,2020,616528458a2fde8299a2c538
Documentary,8.3,true,47,The Days of Noah Part 1: The Flood,2019,616528458a2fde8299a2c546
"Horror,Mystery,Thriller",4.3,true,47,Reunion,2020,616528458a2fde8299a2c54e
Comedy,8.4,true,47,"Steve Trevino: 'Til Death",2019,616528458a2fde8299a2c551
"Biography,Drama",5.6,true,47,N.T.R: Kathanayakudu,2019,616528458a2fde8299a2c55c
"Adventure,Fantasy",5.3,true,47,A World Away,2019,616528458a2fde8299a2c55d
"Comedy,Drama,Romance",4.8,true,47,Home Sweet Home,2020,616528458a2fde8299a2c56f
Musical,7.2,true,46,Pride and Prejudice - A New Musical,2020,616528458a2fde8299a2c57b
Drama,6.8,true,46,Sweet Sunshine,2020,616528458a2fde8299a2c586
Thriller,5.3,true,46,We Still Say Grace,2020,616528458a2fde8299a2c591
Romance,5.8,true,46,A Christmas Recipe for Romance,2019,616528458a2fde8299a2c592
Comedy,7.8,true,46,Maria Bamford: Weakness Is the Brand,2020,616528458a2fde8299a2c5b0
Documentary,8.2,true,46,Rapid Response,2019,616528458a2fde8299a2c5b2
Comedy,7.7,true,46,Chris Porter: A Man From Kansas,2019,616528458a2fde8299a2c5b6
"Documentary,Drama",6.5,true,46,Cocaine Prison,2019,616528458a2fde8299a2c5ce
Drama,5.8,true,46,Acquainted,2019,616528458a2fde8299a2c5de
"Documentary,Biography,History",6.2,true,46,Third Eye Spies,2019,616528458a2fde8299a2c5e8
Drama,5.2,true,46,Finding Grace,2020,616528458a2fde8299a2c5f8
"Action,Drama,Horror,Romance,Thriller",4.4,true,46,Ghost in the Graveyard,2019,616528458a2fde8299a2c5f9
Drama,5.4,true,46,Anthem of a Teenage Prophet,2019,616528458a2fde8299a2c5fa
Documentary,6.5,true,45,Stalking Chernobyl: Exploration After Apocalypse,2020,616528458a2fde8299a2c610
"Comedy,Drama,Family,Romance",5.7,true,45,A Christmas Princess,2019,616528458a2fde8299a2c612
"Drama,Fantasy,Romance,Thriller",5.5,true,45,Ghost,2020,616528458a2fde8299a2c615
Comedy,5.8,true,45,French Biriyani,2020,616528458a2fde8299a2c61a
Documentary,7.7,true,45,Hesburgh,2019,616528458a2fde8299a2c61e
Horror,4.1,true,45,An English Haunting,2020,616528458a2fde8299a2c61f
"Drama,Western",4.7,true,45,Out of Liberty,2019,616528458a2fde8299a2c621
"Mystery,Thriller",5.2,true,45,Madha,2020,616528458a2fde8299a2c627
"Comedy,Family,Romance",6.1,true,45,The Farmer and the Belle: Saving Santaland,2020,616528458a2fde8299a2c62a
Documentary,6.3,true,45,On the Trail of Bigfoot- The Search,2020,616528458a2fde8299a2c62b
"Drama,Sport",6.2,true,45,Sprinter,2019,616528458a2fde8299a2c631
"Drama,Fantasy,Horror,Mystery,Thriller",3.1,true,45,Apparition,2019,616528458a2fde8299a2c64a
"Drama,Horror,Thriller",4.4,true,45,The Cleansing,2019,616528458a2fde8299a2c64c
"Horror,Thriller",4.4,true,45,Deadlocked,2020,616528458a2fde8299a2c653
Comedy,8.2,true,45,Dan Cummins: Get Outta Here; Devil!,2020,616528458a2fde8299a2c656
Horror,4.5,true,45,Bright Hill Road,2020,616528458a2fde8299a2c65a
"Adventure,Family,Fantasy",6.3,true,45,Dino Dana: The Movie,2020,616528458a2fde8299a2c65c
Thriller,4.8,true,45,Safe Inside,2019,616528458a2fde8299a2c661
Comedy,7.4,true,45,Kaafi Filmy,2019,616528458a2fde8299a2c67b
Comedy,7.4,true,45,"Tone Bell - Can't Cancel This",2019,616528458a2fde8299a2c67d
Romance,6.1,true,45,The Sleepless,2020,616528458a2fde8299a2c67f
Documentary,6.4,true,44,Ferro,2020,616528458a2fde8299a2c694
Documentary,7.6,true,44,"Undercover with the Clerics: Iraq's Secret Sex Trade",2019,616528458a2fde8299a2c6ae
Comedy,6,true,44,Ninu Veedani Needanu Nene,2019,616528458a2fde8299a2c6b5
"Comedy,Horror",5.4,true,44,Petromax,2019,616528458a2fde8299a2c6bf
Comedy,5.5,true,44,"Rock N' Roll Christmas",2019,616528458a2fde8299a2c6c1
Comedy,6.8,true,44,Howie Mandel Presents Howie Mandel at the Howie Mandel Comedy Club,2019,616528458a2fde8299a2c6c8
Comedy,6.2,true,44,Alonzo Bodden: Heavy Lightweight,2019,616528458a2fde8299a2c6d6
"Animation,Adventure,Fantasy",5.5,true,44,Boonie Bears: Blast into the Past,2019,616528458a2fde8299a2c6e1
Horror,4,true,44,Black Pumpkin,2020,616528458a2fde8299a2c6e6
"Action,Thriller",5.1,true,44,Mikhael,2019,616528458a2fde8299a2c6e9
"Action,Drama,Romance",3.6,true,44,Marjaavaan,2019,616528458a2fde8299a2c6f7
Western,4.7,true,44,Any Bullet Will Do,2019,616528458a2fde8299a2c6fb
"Comedy,Horror",3.7,true,44,Beast Mode,2020,616528458a2fde8299a2c70e
Drama,4.2,true,44,Elyse,2020,616528458a2fde8299a2c728
Drama,4.6,true,43,Darling Nikki,2019,616528458a2fde8299a2c73d
Documentary,7.3,true,43,The Pollinators,2019,616528458a2fde8299a2c73e
"Drama,Family",5.3,true,43,Useless,2020,616528458a2fde8299a2c745
"Drama,Musical,Romance",5.5,true,43,Sufiyum Sujatayum,2020,616528458a2fde8299a2c74d
Action,3.1,true,43,Atone,2019,616528458a2fde8299a2c75e
"Comedy,Romance",4.9,true,43,False Hopes,2020,616528458a2fde8299a2c773
Comedy,6.2,true,43,Joel Mchale: Live from Pyongyang,2019,616528458a2fde8299a2c776
Documentary,4.8,true,43,Extraordinary: The Seeding,2019,616528458a2fde8299a2c777
"Horror,Thriller",3.6,true,43,Smiley Face Killers,2020,616528458a2fde8299a2c791
"Drama,Music,Romance",4.6,true,43,Pearl,2020,616528458a2fde8299a2c793
Documentary,6.4,true,43,Rolling Stone: Life and Death of Brian Jones,2019,616528458a2fde8299a2c7a0
Documentary,4.9,true,43,Black Boys,2020,616528458a2fde8299a2c7a3
"Documentary,Biography,History,Music",7.5,true,43,Melody Makers,2019,616528458a2fde8299a2c7aa
Documentary,5.4,true,43,"Don't Call Me Bigfoot",2020,616528458a2fde8299a2c7ac
Thriller,5.6,true,43,LAW,2020,616528458a2fde8299a2c7ad
Drama,5.6,true,43,For the Love of Jessee,2020,616528458a2fde8299a2c7b5
Thriller,4.3,true,43,Sinful,2020,616528458a2fde8299a2c7ba
"Documentary,Crime",3.7,true,43,Relentless,2020,616528458a2fde8299a2c7c0
Romance,5.8,true,43,Love by Accident,2020,616528458a2fde8299a2c7cc
Comedy,7.4,true,43,Bryan Callen: Complicated Apes,2019,616528458a2fde8299a2c7cd
Comedy,6.1,true,43,Gina Brillon: The Floor Is Lava,2020,616528458a2fde8299a2c7d1
"Crime,Thriller",4.1,true,43,"By Night's End",2020,616528458a2fde8299a2c7d6
"Horror,Mystery,Thriller",3.7,true,43,The Stalker,2020,616528458a2fde8299a2c7d9
Thriller,6.7,true,42,Babru,2019,616528458a2fde8299a2c7e4
"Horror,Sci-Fi",3.3,true,42,Solar Impact: The Destruction of London,2019,616528458a2fde8299a2c7e6
Documentary,8.6,true,42,Ostatni ludzie Czarnobyla 2,2019,616528458a2fde8299a2c7f4
"Adventure,Comedy,Family,Fantasy",5.3,true,42,Four Enchanted Sisters,2020,616528458a2fde8299a2c7f9
"Drama,War",4.5,true,42,Escape and Evasion,2019,616528458a2fde8299a2c7ff
Thriller,4.9,true,42,A Stone in the Water,2019,616528458a2fde8299a2c80e
"Comedy,Horror",4.3,true,42,Lillith,2019,616528458a2fde8299a2c824
Romance,4.5,true,42,Home for Harvest,2019,616528458a2fde8299a2c82b
Comedy,5.5,true,42,Alice Wetterlund: My Mama Is a Human and So Am I,2019,616528458a2fde8299a2c833
Thriller,3.9,true,42,Copper Bill,2020,616528458a2fde8299a2c835
Documentary,5.6,true,42,Iliza Shlesinger: Over & Over,2019,616528458a2fde8299a2c840
"Comedy,Drama",5.1,true,42,CRSHD,2019,616528458a2fde8299a2c846
Comedy,4.9,true,42,Locas por el Cambio,2020,616528458a2fde8299a2c84c
Horror,6.7,true,42,Werewolf,2020,616528458a2fde8299a2c84e
"Action,Sci-Fi",2.3,true,42,Meteor Moon,2020,616528458a2fde8299a2c854
Horror,3.2,true,42,The Haunting of Borley Rectory,2019,616528458a2fde8299a2c856
"Comedy,Drama",6.6,true,42,DIVOS!,2020,616528458a2fde8299a2c859
"Animation,Action,Adventure,Family",5.6,true,42,Space Dogs: Tropical Adventure,2020,616528458a2fde8299a2c85e
Romance,5.7,true,42,Snowbound for Christmas,2019,616528458a2fde8299a2c863
"Comedy,Mystery",4.8,true,42,Lost Holiday,2019,616528458a2fde8299a2c864
Comedy,5.7,true,42,Papam Cheyyathavar Kalleriyatte,2020,616528458a2fde8299a2c868
"Comedy,Crime,Drama",,true,42,99,2019,616528458a2fde8299a2c86a
"Crime,Drama,Mystery,Thriller",5.7,true,42,The Devil to Pay,2020,616528458a2fde8299a2c86f
Action,5.2,true,42,Break Even,2020,616528458a2fde8299a2c877
"Comedy,Romance",5.4,true,42,Still Today,2020,616528458a2fde8299a2c882
Drama,4.7,true,42,Josie & Jack,2019,616528458a2fde8299a2c884
"Comedy,Drama,Family,Romance",6.6,true,41,"Love, Repeat",2020,616528458a2fde8299a2c88e
Comedy,6.7,true,41,Mike E. Winfield: Stepman,2019,616528458a2fde8299a2c88f
"Action,Thriller",4.1,true,41,Double Down,2020,616528458a2fde8299a2c893
Action,3.3,true,41,Vinaya Vidheya Rama,2019,616528458a2fde8299a2c8a5
"Action,Drama",5,true,41,The Man from Kathmandu,2020,616528458a2fde8299a2c8ab
"Drama,Horror",3.6,true,41,The Curse of Hobbes House,2020,616528458a2fde8299a2c8b9
Drama,6.4,true,41,All In,2019,616528458a2fde8299a2c8d3
Drama,4.7,true,41,Subira,2019,616528458a2fde8299a2c8d4
Drama,6.4,true,41,A Promise To Astrid,2019,616528458a2fde8299a2c8e8
"Adventure,Family",4.5,true,41,Skydog,2020,616528458a2fde8299a2c901
"Drama,Horror,Mystery,Thriller",4.2,true,41,Armageddon Gospels,2019,616528458a2fde8299a2c902
"Crime,Drama,Mystery,Romance,Thriller",5.3,true,41,All Good Things,2019,616528458a2fde8299a2c904
"Drama,Horror,Thriller",6.3,true,41,Found.,2020,616528458a2fde8299a2c916
"Adventure,Comedy,Family,Fantasy,Romance",4.2,true,41,Nicole,2019,616528458a2fde8299a2c924
"Horror,Mystery,Thriller",2.8,true,41,Dead Voices,2020,616528458a2fde8299a2c928
,7.6,true,40,"Barry Brewer: Chicago, I'm Home",2019,616528458a2fde8299a2c931
"Documentary,Biography",3.9,true,40,Jennifer Aniston: More Than Friends,2020,616528458a2fde8299a2c932
"Comedy,Drama",4.6,true,40,Ruta Madre,2019,616528458a2fde8299a2c93d
"Action,Crime,Drama",4.1,true,40,Respite,2020,616528458a2fde8299a2c93f
Horror,2.9,true,40,A Deadly Legend,2020,616528458a2fde8299a2c95a
Horror,3.2,true,40,Curse of the Blind Dead,2019,616528458a2fde8299a2c960
Horror,3,true,40,One Remains,2019,616528458a2fde8299a2c962
,4.9,true,40,Jill-Michele Meleán: White / Latina,2019,616528458a2fde8299a2c968
Romance,3.3,true,40,Christmas Coupon,2019,616528458a2fde8299a2c96b
"Comedy,Family",4.1,true,40,Selfie Dad,2020,616528458a2fde8299a2c971
Comedy,,true,40,Hannibal Thompson: Out of Control,2020,616528458a2fde8299a2c973
Comedy,5.8,true,40,#IMomSoHard Live,2019,616528458a2fde8299a2c974
"Crime,Thriller",5,true,40,Righteous Villains,2020,616528458a2fde8299a2c979
"Drama,Horror,Thriller",4.8,true,40,Ragmork,2019,616528458a2fde8299a2c97d
Action,6.3,true,40,Pocket Full of Game,2020,616528458a2fde8299a2c985
"Action,Crime",5.9,true,40,DSP Dev,2019,616528458a2fde8299a2c988
"Comedy,Drama,Fantasy,Romance",3.3,true,40,Goblin,2020,616528458a2fde8299a2c991
Drama,3.6,true,40,Becoming Burlesque,2019,616528458a2fde8299a2c99c
Documentary,5.8,true,40,Underplayed,2020,616528458a2fde8299a2c9ac
Documentary,7.5,true,39,Tails of Iceland,2019,616528458a2fde8299a2c9c0
Comedy,6.8,true,39,Greg Warren: Where the Field Corn Grows,2020,616528458a2fde8299a2c9cd
Comedy,3.2,true,39,Interviewing Monsters and Bigfoot,2020,616528458a2fde8299a2c9d0
Comedy,7.2,true,39,Kim McVicar: Please Notice Me,2020,616528458a2fde8299a2c9da
"Drama,Family",5.6,true,39,The Christmas Ride,2020,616528458a2fde8299a2c9e7
"Comedy,Sport",5.5,true,39,First One In,2020,616528458a2fde8299a2c9eb
"Comedy,Family",6,true,39,Mary for Mayor,2020,616528458a2fde8299a2c9ff
Drama,5.5,true,39,Price of Love,2020,616528458a2fde8299a2ca03
Comedy,7,true,39,Matt Besser: Pot Humor,2019,616528458a2fde8299a2ca0a
"Crime,Drama,Thriller",3.3,true,39,15 Killings,2020,616528458a2fde8299a2ca23
Documentary,6.5,true,39,The Beer Jesus from America,2019,616528458a2fde8299a2ca28
Comedy,7.6,true,39,Jon Reep: Ginger Beard Man,2019,616528458a2fde8299a2ca37
"Crime,Drama,Mystery,Thriller",6.2,true,39,Where Sleeping Dogs Lie,2019,616528458a2fde8299a2ca39
"Action,Crime,Drama,Thriller",6.7,true,39,Son of a Gun,2019,616528458a2fde8299a2ca4c
Horror,5.1,true,38,Midnight Devils,2020,616528458a2fde8299a2ca55
"Action,Crime",3.8,true,38,Narco Soldiers,2019,616528458a2fde8299a2ca5a
Comedy,,true,38,William Lee Martin: The Nutcracker,2019,616528458a2fde8299a2ca6d
Comedy,6.4,true,38,"Tammy Pescatelli's Way After School Special",2020,616528458a2fde8299a2ca79
Horror,3.5,true,38,Tales of Found Footage,2019,616528458a2fde8299a2ca9d
Documentary,6.9,true,38,The Days of Noah Part 2: Judgment Hour,2019,616528458a2fde8299a2cab5
"Drama,Family",5.5,true,38,Miracle on Highway 34,2020,616528458a2fde8299a2cacb
Comedy,5.3,true,37,A New Husband for Christmas,2020,616528458a2fde8299a2cacf
"Crime,Drama,Mystery,Romance",5.8,true,37,Turned Out,2019,616528458a2fde8299a2cae4
Comedy,6.7,true,37,Jay Mohr: American Treasure,2020,616528458a2fde8299a2caf0
"Comedy,Drama,Romance",3.3,true,37,A Room Full of Nothing,2019,616528458a2fde8299a2cafa
Sci-Fi,2.4,true,37,Android Uprising,2020,616528458a2fde8299a2cb04
Horror,4.4,true,37,Doppel,2020,616528458a2fde8299a2cb0a
Drama,4.8,true,37,Elodie,2019,616528458a2fde8299a2cb1c
Drama,5.4,true,36,The Phoenix,2020,616528458a2fde8299a2cb32
Drama,5.9,true,36,Lady of Guadalupe,2020,616528458a2fde8299a2cb40
"Comedy,Romance",3.6,true,36,First Lady,2020,616528458a2fde8299a2cb46
"Drama,Thriller",4.7,true,36,Painter,2020,616528458a2fde8299a2cb48
"Comedy,Family,Fantasy",3.9,true,36,Elfette Saves Christmas,2019,616528458a2fde8299a2cb4e
Comedy,8.5,true,36,Nicole Burch: Never Been Kissed,2020,616528458a2fde8299a2cb50
Romance,6.3,true,36,Choosi Choodangaane,2020,616528458a2fde8299a2cb51
"Action,Comedy,Drama,Romance,Sport",2.2,true,36,Student of the Year 2,2019,616528458a2fde8299a2cb52
"Animation,Family,Fantasy",1.1,true,36,Finding Jesus,2020,616528458a2fde8299a2cb5b
,6.7,true,36,Black History Activators,2020,616528458a2fde8299a2cb5c
"Comedy,Horror",2.5,true,36,Scary Bride,2020,616528458a2fde8299a2cb61
Documentary,7.3,true,36,The Great Cookie Comeback: Rebaking Wally Amos,2020,616528458a2fde8299a2cb68
Drama,6.6,true,36,Diamond in the Rough,2019,616528458a2fde8299a2cb6a
Comedy,6.8,true,36,Marina Franklin: Single Black Female,2019,616528458a2fde8299a2cb72
"Action,Sci-Fi",2.4,true,36,Immortal Combat the Code,2019,616528458a2fde8299a2cb7f
Drama,3.3,true,36,Intolerance: No More,2020,616528458a2fde8299a2cb81
Animation,2.3,true,36,Trump vs the Illuminati,2020,616528458a2fde8299a2cb84
Documentary,7,true,35,"Stro: The Michael D'Asaro Story",2020,616528458a2fde8299a2cb89
Comedy,6.9,true,35,Elliott Morgan: Holy Shit,2019,616528458a2fde8299a2cb8c
Comedy,3.9,true,35,Hawk and Rev: Vampire Slayers,2020,616528458a2fde8299a2cb97
Comedy,6.7,true,35,William Lee Martin: Standing in the Middle,2019,616528458a2fde8299a2cba3
"Drama,Thriller",6.8,true,35,The Dance,2019,616528458a2fde8299a2cbac
Comedy,3.4,true,35,La pachanga,2019,616528458a2fde8299a2cbb3
Comedy,5.6,true,34,Claudia Oshry: Disgraced Queen,2020,616528458a2fde8299a2cbbc
Documentary,4.4,true,34,Superintelligence: Beyond Human,2019,616528458a2fde8299a2cbc6
"Comedy,Drama",5,true,34,1/2 New Year,2019,616528458a2fde8299a2cbc9
"Crime,Drama,Thriller",5.2,true,34,Drastic Measures,2019,616528458a2fde8299a2cbcf
Thriller,1.6,true,34,Terror at Bigfoot Pond,2020,616528458a2fde8299a2cbd0
Documentary,4.6,true,33,The Reunited States,2020,616528458a2fde8299a2cbd5
Comedy,4.2,true,33,La Sucursal,2019,616528458a2fde8299a2cbd6
Comedy,7.2,true,33,Matt Braunger: Finally Live in Portland,2019,616528458a2fde8299a2cbe5
"Action,Comedy,Sci-Fi",2.5,true,32,Konga TNT,2020,616528458a2fde8299a2cbe9
Drama,4.9,true,32,Modern Prodigal,2019,616528458a2fde8299a2cbea
Documentary,4,true,31,Brash Boys Club,2020,616528458a2fde8299a2cbf1
Crime,,true,17,A risky revenge,2019,616528458a2fde8299a2cc09
Comedy,,true,15,Josh Blue: Broccoli,2020,616528458a2fde8299a2cc16
"Short,Comedy",,true,15,Anxiety Feast,2020,616528458a2fde8299a2cc1a
"Animation,Comedy,Family",,true,13,Halloween Bug-A-Boo!,2020,616528458a2fde8299a2cc29
"Comedy, Romance",8,true,,Modern Love,2019,616529b68a2fde8299a2d0fb
"Adventure, Drama, Mystery",7.4,true,,The Wilds,2020,616529b68a2fde8299a2d18d
"Action, Drama, Mystery, Sci-Fi, Thriller",6.7,true,,Utopia,2020,616529b68a2fde8299a2d19c
"Drama, Sci-Fi, Thriller",7.1,true,,Brave New World,2020,616529b68a2fde8299a2d1a1