Apple,Disney,Genres,HBO,Hulu,IMDb Rating,Netflix,Num Votes,Prime,Release Date,Title,Year,_id
true,0,"Comedy, Drama, Sport",false,false,8.8,false,111413,false,8/14/2020,Ted Lasso,2020,61651abd8a2fde8299a2a994
false,0,"Action, Adventure, Drama, Mystery, Thriller",false,false,8.2,true,147047,false,9/17/2021,Squid Game,2021,61651abd8a2fde8299a2a995
false,0,"Drama, Horror, Mystery",false,false,7.8,true,39527,false,9/22/2021,Midnight Mass,2021,61651abd8a2fde8299a2a996
true,0,"Comedy, Drama, Sport",false,false,8.8,false,111413,false,8/14/2020,Ted Lasso,2020,61651abd8a2fde8299a2a997
true,0,"Drama, Sci-Fi",false,false,7.5,false,13673,false,9/24/2021,Foundation,2021,61651abd8a2fde8299a2a998
,,"Animation, Action, Adventure, Fantasy",,,7.6,,46687,,8/11/2021,What If...?,2021,61651abd8a2fde8299a2a999
false,0,"Comedy, Crime, Drama, Mystery, Thriller",false,false,8.3,true,19463,false,8/31/2021,Only Murders in the Building,2021,61651abd8a2fde8299a2a99a
false,0,"Drama, Mystery, Thriller",false,false,7.1,true,26288,false,8/18/2021,Nine Perfect Strangers,2021,61651abd8a2fde8299a2a99b
,,"Drama, Mystery, Sci-Fi",,,5.1,,2349,,9/28/2021,La Brea,2021,61651abd8a2fde8299a2a99c
true,0,Drama,false,false,8.4,false,72115,false,10/28/2019,The Morning Show,2019,61651abd8a2fde8299a2a99d
false,0,"Crime, Drama, Mystery, Thriller",false,false,8,true,10141,false,9/29/2021,The Chestnut Man,2021,61651abd8a2fde8299a2a99e
,,"Crime, Drama, Mystery, Thriller",,,7.4,,9116,,8/29/2021,Vigil,2021,61651abd8a2fde8299a2a99f
,,"Animation, Action, Adventure, Fantasy, Sci-Fi",,,7.3,,8190,,9/22/2021,Star Wars: Visions,2021,61651abd8a2fde8299a2a9a0
false,0,"Action, Adventure, Drama, Sci-Fi",false,true,6.3,false,6471,false,9/13/2021,Y: The Last Man,2021,61651abd8a2fde8299a2a9a1
false,0,"Crime, Drama, Mystery, Thriller",false,false,7.3,true,32433,false,8/25/2021,Clickbait,2021,61651abd8a2fde8299a2a9a2
false,0,"Action, Fantasy, Mystery, Sci-Fi, Thriller",false,false,7.7,true,30077,false,12/10/2020,Alice in Borderland,2020,61651abd8a2fde8299a2a9a3
true,0,"Action, Drama, Sci-Fi",false,false,7.6,false,57716,false,11/1/2019,See,2019,61651abd8a2fde8299a2a9a4
false,0,"Action, Adventure, Fantasy, Mystery",false,false,8.2,true,352247,false,12/20/2019,The Witcher,2019,61651abd8a2fde8299a2a9a5
false,0,Drama,true,false,8,false,4074,false,9/4/2021,Scenes from a Marriage,2021,61651abd8a2fde8299a2a9a6
,,Drama,,,8.6,,11240,,10/1/2021,Maid,2021,61651abd8a2fde8299a2a9a7
false,0,"Comedy, Drama",true,false,7.7,false,35774,false,7/11/2021,The White Lotus,2021,61651abd8a2fde8299a2a9a8
false,0,"Crime, Drama, Mystery",true,false,8.5,false,107183,false,4/18/2021,Mare of Easttown,2021,61651abd8a2fde8299a2a9a9
,,"Biography, Crime, Drama",,,6.8,,727,,9/26/2021,Black Mafia Family,2021,61651abd8a2fde8299a2a9aa
,,"Action, Adventure, Drama, Mystery, Thriller",,,6.7,,2325,,9/16/2021,The Lost Symbol,2021,61651abd8a2fde8299a2a9ab
,,"Crime, Drama",,,6.9,,1584,,9/5/2021,American Rust,2021,61651abd8a2fde8299a2a9ac
,,"Crime, Drama, Mystery, Thriller",,,6.7,,10942,,11/17/2020,Big Sky,2020,61651abd8a2fde8299a2a9ad
false,0,"Action, Adventure, Sci-Fi",false,false,8.8,true,358273,false,11/12/2019,The Mandalorian,2019,61651abd8a2fde8299a2a9ae
false,0,"Action, Crime, Drama, Thriller",false,false,7,true,1208,false,9/24/2021,Braqueurs,2021,61651abd8a2fde8299a2a9af
,,Drama,,,6.6,,1188,,9/20/2021,Ordinary Joe,2021,61651abd8a2fde8299a2a9b0
,,"Action, Crime",,,5.4,,1438,,9/20/2021,"NCIS: Hawai'i",2021,61651abd8a2fde8299a2a9b1
false,0,"Drama, Romance",false,false,7.3,true,88946,false,12/25/2020,Bridgerton,2020,61651abd8a2fde8299a2a9b2
,,"Crime, Drama, Mystery, Thriller",,,7.6,,4031,,4/1/2021,Law & Order: Organized Crime,2021,61651abd8a2fde8299a2a9b3
false,0,"Drama, Horror, Mystery, Thriller",false,false,7.4,true,83454,false,10/9/2020,The Haunting of Bly Manor,2020,61651abd8a2fde8299a2a9b4
false,1,"Action, Adventure, Fantasy, Sci-Fi",false,false,8.3,false,205035,false,6/9/2021,Loki,2021,61651abd8a2fde8299a2a9b5
false,0,"Drama, Horror, Thriller",true,false,6.1,false,11976,false,7/15/2021,American Horror Stories,2021,61651abd8a2fde8299a2a9b6
,,"Comedy, Crime",,,8.2,,5504,,8/8/2021,Reservation Dogs,2021,61651abd8a2fde8299a2a9b7
,,"Crime, Drama",,,6.1,,1138,,9/21/2021,FBI: International,2021,61651abd8a2fde8299a2a9b8
,,"Drama, Horror, Mystery",,,7.5,,2983,,8/22/2021,Chapelwaite,2021,61651abd8a2fde8299a2a9b9
,,"Crime, Drama",,,7.8,,1196,,9/9/2021,Kin,2021,61651abd8a2fde8299a2a9ba
,,"Action, Crime, Drama, Mystery, Thriller",,,6.7,,5174,,1/7/2020,FBI: Most Wanted,2020,61651abd8a2fde8299a2a9bb
false,0,"Comedy, Drama, Romance",false,false,5.3,true,16346,false,6/25/2021,Sex/Life,2021,61651abd8a2fde8299a2a9bc
,,"Comedy, Drama, Family",,,5.5,,1664,,9/22/2021,The Wonder Years,2021,61651abd8a2fde8299a2a9bd
,,"Drama, Mystery",,,7.7,,5224,,7/15/2021,The North Water,2021,61651abd8a2fde8299a2a9be
false,0,Drama,false,false,8.6,true,354876,false,10/23/2020,"The Queen's Gambit",2020,61651abd8a2fde8299a2a9bf
false,,"Comedy, Drama",true,false,8.2,false,12269,,5/13/2021,Hacks,2021,61651abd8a2fde8299a2a9c0
false,0,"Action, Drama, History",false,false,5.7,true,999,false,9/22/2021,Jaguar,2021,61651abd8a2fde8299a2a9c1
false,0,"Comedy, Drama",false,true,6.6,false,712,false,9/20/2021,The Big Leap,2021,61651abd8a2fde8299a2a9c2
false,0,"Action, Adventure, Crime, Drama, Fantasy, Sci-Fi",true,false,7.2,false,14043,false,5/18/2020,Stargirl,2020,61651abd8a2fde8299a2a9c3
false,0,"Action, Crime, Drama, Mystery, Romance, Thriller",false,false,7.6,true,36254,false,4/15/2020,Outer Banks,2020,61651abd8a2fde8299a2a9c4
,,"Drama, Fantasy, Horror, Sci-Fi",,,9.4,,715,,7/15/2020,The Sandman,2020,61651abd8a2fde8299a2a9c5
,,Comedy,,,6.3,,1959,,4/7/2021,Home Economics,2021,61651abd8a2fde8299a2a9c6
,,"Drama, Sport",,,8.1,,3330,,8/15/2021,Heels,2021,61651abd8a2fde8299a2a9c7
false,1,"Action, Comedy, Drama, Fantasy, Sci-Fi",false,false,8,false,233846,false,1/15/2021,WandaVision,2021,61651abd8a2fde8299a2a9c8
,,"Crime, Drama",,,7.3,,1908,,7/18/2021,Power Book III: Raising Kanan,2021,61651abd8a2fde8299a2a9c9
,,"Animation, Action, Adventure, Comedy, Sci-Fi",,,7.1,,11774,,8/5/2020,Star Trek: Lower Decks,2020,61651abd8a2fde8299a2a9ca
false,0,"Action, Adventure, Drama, Romance, Sci-Fi",true,false,7.9,false,21194,false,2/23/2021,Superman and Lois,2021,61651abd8a2fde8299a2a9cb
false,0,"Drama, Romance",false,true,7.4,false,30608,false,12/6/2019,Virgin River,2019,61651abd8a2fde8299a2a9cc
false,0,"Drama, Thriller",false,false,8.8,false,26295,true,8/26/2021,Mumbai Diaries 26/11,2021,61651abd8a2fde8299a2a9cd
false,0,Drama,true,false,6.1,false,754,false,9/16/2021,The Premise,2021,61651abd8a2fde8299a2a9ce
,,"Comedy, Drama, Family",,,6.5,,2467,,7/21/2021,Turner & Hooch,2021,61651abd8a2fde8299a2a9cf
false,0,"Drama, Horror, Mystery, Thriller",false,false,7.2,true,9534,false,8/13/2021,Brand New Cherry Flavor,2021,61651abd8a2fde8299a2a9d0
true,0,"Crime, Drama, Mystery, Thriller",false,false,7.1,false,9199,false,12/6/2019,Truth Be Told,2019,61651abd8a2fde8299a2a9d1
,,"Drama, Horror, Sci-Fi",,,4.2,,11065,,10/1/2020,The Walking Dead: World Beyond,2020,61651abd8a2fde8299a2a9d2
,,Drama,,,5,,581,,9/21/2021,Our Kind of People,2021,61651abd8a2fde8299a2a9d3
false,0,"Animation, Action, Adventure, Drama, Fantasy, Sci-Fi, Thriller",false,false,8.7,false,91416,true,3/25/2021,Invincible,2021,61651abd8a2fde8299a2a9d4
true,0,"Drama, Sci-Fi",false,false,7.9,false,23987,false,10/15/2019,For All Mankind,2019,61651abd8a2fde8299a2a9d5
false,0,"Drama, Fantasy, Horror, Thriller",false,false,7.4,true,14243,false,12/18/2020,Sweet Home,2020,61651abd8a2fde8299a2a9d6
,,"Crime, Drama, Thriller",,,7.7,,7336,,7/15/2021,Dr. Death,2021,61651abd8a2fde8299a2a9d7
false,0,"Comedy, Romance",false,false,8,false,28296,true,10/17/2019,Modern Love,2019,61651abd8a2fde8299a2a9d8
,,"Comedy, Drama",,,8.4,,5645,,9/1/2020,All Creatures Great and Small,2020,61651abd8a2fde8299a2a9d9
false,0,"Action, Adventure, Drama, Fantasy, Mystery",false,false,7.7,true,65675,false,4/23/2021,Shadow and Bone,2021,61651abd8a2fde8299a2a9da
,,"Short, Action, Thriller",,,7,,4603,,4/6/2020,Most Dangerous Game,2020,61651abd8a2fde8299a2a9db
,,Thriller,,,4.5,,167,,9/29/2021,Hollington Drive,2021,61651abd8a2fde8299a2a9dc
false,0,"Drama, Sci-Fi, Thriller",false,false,7.1,true,27438,false,5/1/2020,Into the Night,2020,61651abd8a2fde8299a2a9dd
,,Thriller,,,6.7,,523,,9/26/2021,Furia,2021,61651abd8a2fde8299a2a9de
,,"Adventure, Drama, Fantasy, Mystery",,,6,,2465,,8/10/2021,Fantasy Island,2021,61651abd8a2fde8299a2a9df
false,0,"Drama, Mystery",false,false,6.5,true,2563,false,5/20/2020,Blood & Water,2020,61651abd8a2fde8299a2a9e0
,,Drama,,,7.4,,4888,,12/8/2019,The L Word: Generation Q,2019,61651abd8a2fde8299a2a9e1
false,0,"Comedy, Romance",false,false,9,true,2176,false,8/28/2021,Gaetmaeul Chachacha,2021,61651abd8a2fde8299a2a9e2
false,0,"Comedy, Drama, Mystery, Thriller",true,false,7.1,,37076,false,11/18/2020,The Flight Attendant,2020,61651abd8a2fde8299a2a9e3
false,0,"Comedy, Drama",false,false,7.2,true,11705,false,8/20/2021,The Chair,2021,61651abd8a2fde8299a2a9e4
false,0,"Action, Crime, Drama",false,false,8.4,true,2453,false,8/27/2021,D.P.,2021,61651abd8a2fde8299a2a9e5
,,"Action, Drama, Thriller",,,6.9,,10092,,1/19/2020,9-1-1: Lone Star,2020,61651abd8a2fde8299a2a9e6
,,Crime,,,8,,656,,10/6/2021,CSI: Vegas,2021,61651abd8a2fde8299a2a9e7
false,0,"Animation, Action, Drama, Sci-Fi",true,false,8.4,false,6573,false,4/10/2021,Tokyo Revengers,2021,61651abd8a2fde8299a2a9e8
false,0,"Comedy, Drama, Romance",false,false,7.5,true,11763,false,4/24/2020,Ask 101,2020,61651abd8a2fde8299a2a9e9
false,1,"Action, Adventure, Drama, Sci-Fi",false,false,7.3,false,160219,false,3/19/2021,The Falcon and the Winter Soldier,2021,61651abd8a2fde8299a2a9ea
false,0,"Drama, Fantasy, Horror, Mystery, Thriller",false,false,7.4,true,50728,false,2/7/2020,Locke & Key,2020,61651abd8a2fde8299a2a9eb
false,0,"Action, Crime, Drama, Mystery",false,false,7.5,true,90671,false,1/8/2021,Lupin,2021,61651abd8a2fde8299a2a9ec
false,0,"Action, Crime, Drama, Western",true,false,6,false,7763,false,1/21/2021,Walker,2021,61651abd8a2fde8299a2a9ed
false,0,Comedy,false,false,6.5,true,1952,false,8/31/2021,On the Verge,2021,61651abd8a2fde8299a2a9ee
,,"Drama, Romance",,,5.3,,6417,,7/8/2021,Gossip Girl,2021,61651abd8a2fde8299a2a9ef
false,0,"Action, Adventure, Drama, Sci-Fi",true,false,7.5,false,49968,false,1/13/2020,Star Trek: Picard,2020,61651abd8a2fde8299a2a9f0
,,Comedy,,,7,,1322,,9/10/2021,The Cleaner,2021,61651abd8a2fde8299a2a9f1
true,0,"Comedy, Drama",false,false,6.4,false,3116,false,8/6/2021,Mr. Corman,2021,61651abd8a2fde8299a2a9f2
false,0,"Adventure, Drama, Family, Fantasy",false,true,7.9,false,57586,false,11/3/2019,His Dark Materials,2019,61651abd8a2fde8299a2a9f3
false,0,"Comedy, Drama",false,false,7.9,true,39744,false,4/27/2020,Never Have I Ever,2020,61651abd8a2fde8299a2a9f4
false,0,"Documentary, Reality-TV, Romance",false,false,8.6,true,4285,false,11/19/2019,Love on the Spectrum,2019,61651abd8a2fde8299a2a9f5
,,"Comedy, Drama, Family",,,5.7,,928,,9/8/2021,"Doogie Kamealoha, M.D.",2021,61651abd8a2fde8299a2a9f6
false,0,"Drama, Fantasy, Sci-Fi, Thriller",true,false,7.5,false,57537,false,9/3/2020,Raised by Wolves,2020,61651abd8a2fde8299a2a9f7
false,0,"Comedy, Drama, Romance",false,false,7,true,58933,false,10/2/2020,Emily in Paris,2020,61651abd8a2fde8299a2a9f8
false,0,"Action, Adventure, Drama, Fantasy, Sci-Fi",false,false,7.9,true,42950,false,6/4/2021,Sweet Tooth,2021,61651abd8a2fde8299a2a9f9
false,0,"Documentary, Crime",false,false,6.2,true,1331,false,9/22/2021,Monsters Inside: The 24 Faces of Billy Milligan,2021,61651abd8a2fde8299a2a9fa
false,0,"Animation, Action, Adventure, Comedy, Crime, Fantasy, Sci-Fi",false,false,6.3,true,3402,false,9/2/2021,Q-Force,2021,61651abd8a2fde8299a2a9fb
true,0,Comedy,false,false,7.7,false,17185,false,2/7/2020,"Mythic Quest: Raven's Banquet",2020,61651abd8a2fde8299a2a9fc
false,0,"Crime, Drama, Mystery, Thriller",true,false,7.4,false,77564,false,10/25/2020,The Undoing,2020,61651abd8a2fde8299a2a9fd
false,1,Talk-Show,false,false,8,false,321,false,9/30/2021,The Problem with Jon Stewart,2021,61651abd8a2fde8299a2a9fe
,,"Adventure, Drama, Fantasy, Horror, Sci-Fi, Thriller",,,5.5,,21223,,12/16/2020,The Stand,2020,61651abd8a2fde8299a2a9ff
,,"Drama, Mystery, Sci-Fi",,,6.4,,10933,,10/28/2019,War of the Worlds,2019,61651abd8a2fde8299a2aa00
,,"Drama, Fantasy, Sci-Fi, Thriller",,,7.3,,11300,,3/18/2020,Motherland: Fort Salem,2020,61651abd8a2fde8299a2aa01
false,0,"Action, Drama, Fantasy, Sci-Fi, Thriller",true,false,7.4,false,17799,false,4/11/2021,The Nevers,2021,61651abd8a2fde8299a2aa02
false,0,"Drama, Thriller",true,false,7.1,false,3694,false,10/10/2020,Shadowplay,2020,61651abd8a2fde8299a2aa03
false,0,"Action, Drama, Sci-Fi, Thriller",true,false,6.9,false,41252,false,5/17/2020,Snowpiercer,2020,61651abd8a2fde8299a2aa04
,,"Comedy, Romance",,,7.5,,10426,,5/27/2020,Love Life,2020,61651abd8a2fde8299a2aa05
,,"Animation, Action, Drama, Sport, Thriller",,,6.7,,463,,9/30/2021,Hanma Baki: Son of Ogre,2021,61651abd8a2fde8299a2aa06
false,0,Drama,false,false,7.7,true,36103,false,3/18/2020,Little Fires Everywhere,2020,61651abd8a2fde8299a2aa07
false,0,"Drama, Romance",false,false,8.5,true,50376,false,4/26/2020,Normal People,2020,61651abd8a2fde8299a2aa08
false,0,"Crime, Drama, Mystery, Thriller",false,false,7.4,false,7555,true,2/19/2021,Tell Me Your Secrets,2021,61651abd8a2fde8299a2aa09
,,"Comedy, Drama, Mystery, Sci-Fi",,,8.2,,25138,,1/27/2021,Resident Alien,2021,61651abd8a2fde8299a2aa0a
false,1,"Animation, Action, Adventure, Drama, Fantasy, Sci-Fi",false,false,8,false,19995,false,5/4/2021,Star Wars: The Bad Batch,2021,61651abd8a2fde8299a2aa0b
false,0,"Action, Drama, Mystery, Sci-Fi",true,false,8.2,false,104157,false,10/20/2019,Watchmen,2019,61651abd8a2fde8299a2aa0c
,,"Animation, Action, Adventure, Fantasy, Thriller",,,8.7,,30899,,10/2/2020,Jujutsu Kaisen,2020,61651abd8a2fde8299a2aa0d
false,0,"Animation, Comedy",false,false,5.3,true,719,false,9/17/2021,Chicago Party Aunt,2021,61651abd8a2fde8299a2aa0e
false,0,"Drama, Fantasy, Horror, Mystery, Sci-Fi, Thriller",true,false,7.1,false,36072,false,8/16/2020,Lovecraft Country,2020,61651abd8a2fde8299a2aa0f
false,0,"Animation, Action, Adventure, Comedy, Crime, Fantasy, Mystery",true,false,8.5,false,19253,false,11/29/2019,Harley Quinn,2019,61651abd8a2fde8299a2aa10
,,Drama,,,7.4,,7691,,9/27/2020,The Comey Rule,2020,61651abd8a2fde8299a2aa11
,,"Comedy, Fantasy",,,7,,662,,10/7/2021,Ghosts,2021,61651abd8a2fde8299a2aa12
false,0,"Biography, Comedy, Drama, History",false,true,8.1,false,23344,false,5/15/2020,The Great,2020,61651abd8a2fde8299a2aa13
false,0,"Comedy, Drama",false,false,7.5,true,38200,false,2/24/2021,Ginny & Georgia,2021,61651abd8a2fde8299a2aa14
false,0,"Action, Crime, Drama, Mystery, Thriller",false,false,7.1,true,6821,false,8/6/2021,Hit and Run,2021,61651abd8a2fde8299a2aa15
,,"Crime, Mystery, Thriller",,,8.8,,12831,,7/9/2021,Leverage: Redemption,2021,61651abd8a2fde8299a2aa16
true,0,"Drama, Horror, Mystery, Thriller",false,false,7.5,false,25941,false,11/28/2019,Servant,2019,61651abd8a2fde8299a2aa17
,,"Comedy, Drama, War",,,5.7,,1891,,1/15/2020,68 Whiskey,2020,61651abd8a2fde8299a2aa18
false,0,"Crime, Drama, Fantasy, Mystery, Thriller",true,false,7.7,false,71454,false,1/12/2020,The Outsider,2020,61651abd8a2fde8299a2aa19
,,"Animation, Comedy",,,6.5,,2217,,1/3/2021,The Great North,2021,61651abd8a2fde8299a2aa1a
,,"Comedy, Music",,,8.3,,15160,,3/4/2020,Dave,2020,61651abd8a2fde8299a2aa1b
,,"Drama, Mystery, Thriller",,,7.5,,10405,,3/16/2021,Cruel Summer,2021,61651abd8a2fde8299a2aa1c
false,0,"Game-Show, Reality-TV",false,false,7.3,true,5896,false,1/1/2020,The Circle,2020,61651abd8a2fde8299a2aa1d
,,"Crime, Drama, Thriller",,,7.6,,39193,,12/6/2020,Your Honor,2020,61651abd8a2fde8299a2aa1e
,,"Action, Crime, Drama, Mystery, Thriller",,,4.9,,8585,,2/7/2021,The Equalizer,2021,61651abd8a2fde8299a2aa1f
true,0,"Comedy, Musical",false,false,7.3,false,6061,false,7/16/2021,Schmigadoon!,2021,61651abd8a2fde8299a2aa20
,,Drama,,,6.9,,112,,9/26/2021,Fires,2021,61651abd8a2fde8299a2aa21
false,0,Documentary,true,false,7.4,false,419,false,9/30/2021,"The Way Down: God, Greed and the Cult of Gwen Shamblin",2021,61651abd8a2fde8299a2aa22
false,0,"Animation, Short, Action, Adventure, Comedy, Drama, Family, Fantasy, Sci-Fi",false,false,6.2,true,873,false,9/16/2021,He-Man and the Masters of the Universe,2021,61651abd8a2fde8299a2aa23
,,"Animation, Comedy",,,8.3,,502,,9/30/2021,Ten Year Old Tom,2021,61651abd8a2fde8299a2aa24
,,"Crime, Drama",,,8.3,,14075,,6/6/2021,Time,2021,61651abd8a2fde8299a2aa25
false,0,"Biography, Crime, Drama",false,true,7.7,false,5604,false,1/1/2020,For Life,2020,61651abd8a2fde8299a2aa26
false,0,"Drama, Mystery, Thriller",false,false,7.2,true,50264,false,2/17/2021,Behind Her Eyes,2021,61651abd8a2fde8299a2aa27
,,"Action, Adventure, History, War",,,8.8,,1195,,9/16/2021,"Barbaroslar: Akdeniz'in Kilici",2021,61651abd8a2fde8299a2aa28
false,0,Drama,true,false,8.1,false,16871,false,6/7/2020,I May Destroy You,2020,61651abd8a2fde8299a2aa29
false,0,"Documentary, Crime, Mystery",false,false,7.4,true,555,false,9/22/2021,Crime Stories: India Detectives,2021,61651abd8a2fde8299a2aa2a
,,"Comedy, Crime",,,5.4,,857,,3/25/2020,Hitmen,2020,61651abd8a2fde8299a2aa2b
,,"Action, Crime, Drama",,,8.1,,25017,,4/23/2020,Gangs of London,2020,61651abd8a2fde8299a2aa2c
,,"Comedy, Crime, Drama, Family",,,6.4,,280,,7/6/2021,Family Law,2021,61651abd8a2fde8299a2aa2d
,,"Comedy, Drama",,,6.9,,5545,,6/13/2021,Kevin Can F**k Himself,2021,61651abd8a2fde8299a2aa2e
false,0,"Crime, Drama, Mystery, Thriller",false,false,7.3,true,46994,false,9/18/2020,Ratched,2020,61651abd8a2fde8299a2aa2f
false,1,"Comedy, Mystery, Sci-Fi",false,false,8,false,48351,false,1/5/2020,Upload,2020,61651abd8a2fde8299a2aa30
false,1,"Documentary, Reality-TV",false,false,9.1,false,23464,false,6/10/2021,"Clarkson's Farm",2021,61651abd8a2fde8299a2aa31
,,"Comedy, Drama, Romance",,,6.8,,3114,,6/12/2021,iCarly,2021,61651abd8a2fde8299a2aa32
false,1,"Animation, Action, Adventure, Comedy, Drama, Family, Fantasy, Horror, Mystery",false,false,8.2,false,6012,false,1/10/2020,The Owl House,2020,61651abd8a2fde8299a2aa33
false,0,"Comedy, Crime, Romance",false,false,8.5,true,10045,false,2/20/2021,Binsenjo,2021,61651abd8a2fde8299a2aa34
false,0,"Crime, Drama, Thriller",false,false,7.6,true,37136,false,1/1/2021,The Serpent,2021,61651abd8a2fde8299a2aa35
false,0,"Crime, Drama, Mystery, Thriller",false,false,7.9,true,23638,false,4/30/2021,El inocente,2021,61651abd8a2fde8299a2aa36
,,"Adventure, Comedy, Romance",,,8.7,,18895,,12/14/2019,Sa-rang-eui bul-sa-chak,2019,61651abd8a2fde8299a2aa37
false,0,"Documentary, History",false,false,8,true,7051,false,9/1/2021,Turning Point: 9/11 and the War on Terror,2021,61651abd8a2fde8299a2aa38
false,0,"Crime, Drama, Mystery",false,false,7.2,true,34969,false,2/21/2020,Hunters,2020,61651abd8a2fde8299a2aa39
false,1,Comedy,false,false,7.3,false,3453,false,1/22/2020,Awkwafina Is Nora from Queens,2020,61651abd8a2fde8299a2aa3a
,,"Crime, Drama, Mystery",,,6.5,,674,,8/17/2021,Annika,2021,61651abd8a2fde8299a2aa3b
,,Crime,,,6.5,,751,,9/10/2021,Wolfe,2021,61651abd8a2fde8299a2aa3c
,,"Comedy, Drama, Musical",,,8.1,,14010,,1/7/2020,"Zoey's Extraordinary Playlist",2020,61651abd8a2fde8299a2aa3d
true,0,"Crime, Drama, Mystery, Thriller",false,false,7.9,false,43480,false,4/24/2020,Defending Jacob,2020,61651abd8a2fde8299a2aa3e
false,0,"Action, Adventure, Drama, Fantasy",false,false,6.9,true,32961,false,1/22/2021,Fate: The Winx Saga,2021,61651abd8a2fde8299a2aa3f
false,0,Documentary,false,false,7.8,false,2261,true,8/17/2021,LuLaRich,2021,61651abd8a2fde8299a2aa40
,,"Action, Crime, Drama, Thriller",,,6,,180,,9/23/2021,Bangkok Breaking,2021,61651abd8a2fde8299a2aa41
false,0,"Action, Drama, Fantasy, Mystery, Thriller",false,false,7.5,true,33010,false,1/31/2020,Ragnarok,2020,61651abd8a2fde8299a2aa42
,,Drama,,,9.7,,285762,,4/7/2021,Aspirants,2021,61651abd8a2fde8299a2aa43
,,"Comedy, Drama",,,6.1,,82,,10/10/2021,The Larkins,2021,61651abd8a2fde8299a2aa44
true,0,"Comedy, Drama",false,false,7.3,false,5516,false,6/18/2021,Physical,2021,61651abd8a2fde8299a2aa45
false,0,"Action, Adventure, Drama, Fantasy, Sci-Fi",false,false,6.7,true,34141,false,5/7/2021,"Jupiter's Legacy",2021,61651abd8a2fde8299a2aa46
false,0,"Crime, Drama, Mystery, Thriller",false,false,7.3,true,40246,false,1/30/2020,The Stranger,2020,61651abd8a2fde8299a2aa47
,,"Short, Comedy, Fantasy",,,7.4,,916,,6/29/2020,Home Movie: The Princess Bride,2020,61651abd8a2fde8299a2aa48
false,0,"Drama, Mystery, Thriller",false,false,6.5,true,4710,false,7/15/2020,Dark Desire,2020,61651abd8a2fde8299a2aa49
false,0,"Drama, Romance",false,false,8.6,true,21481,false,7/1/2021,Young Royals,2021,61651abd8a2fde8299a2aa4a
,,"Biography, Drama",,,7.5,,12033,,5/14/2021,Halston,2021,61651abd8a2fde8299a2aa4b
,,Comedy,,,6.3,,3143,,1/7/2021,Mr. Mayor,2021,61651abd8a2fde8299a2aa4c
,,Comedy,,,8,,543,,4/7/2020,"Alma's Not Normal",2020,61651abd8a2fde8299a2aa4d
,,Thriller,,,8.7,,12192,,9/8/2021,Candy,2021,61651abd8a2fde8299a2aa4e
false,0,"Drama, Mystery, Sci-Fi, Thriller",false,false,7,true,10585,false,6/17/2021,Katla,2021,61651abd8a2fde8299a2aa4f
false,0,"Animation, Action, Adventure, Fantasy, Sci-Fi",false,false,5.1,true,22336,false,7/23/2021,Masters of the Universe: Revelation,2021,61651abd8a2fde8299a2aa50
,,Comedy,,,8.5,,1569,,12/23/2019,The Goes Wrong Show,2019,61651abd8a2fde8299a2aa51
false,0,"Comedy, Drama, History",true,false,8.7,false,24829,false,1/22/2021,"It's a Sin",2021,61651abd8a2fde8299a2aa52
,,"Action, Drama",,,8.9,,4407,,8/20/2021,Cartel,2021,61651abd8a2fde8299a2aa53
,,Comedy,,,7.2,,6968,,2/16/2021,Young Rock,2021,61651abd8a2fde8299a2aa54
false,0,"Drama, Romance",false,false,6.3,true,192,false,9/30/2021,Luna Park,2021,61651abd8a2fde8299a2aa55
false,0,Comedy,false,false,6.7,true,50436,false,5/29/2020,Space Force,2020,61651abd8a2fde8299a2aa56
,,Thriller,,,6.5,,446,,10/3/2021,Ridley Road,2021,61651abd8a2fde8299a2aa57
false,0,"Crime, Drama",false,false,7.7,true,4180,false,4/29/2020,Extracurricular,2020,61651abd8a2fde8299a2aa58
false,0,"Drama, Horror, Thriller",false,false,7.3,false,15936,true,3/18/2021,Them,2021,61651abd8a2fde8299a2aa59
,,"Crime, Drama",,,6.9,,4408,,9/6/2020,Power Book II: Ghost,2020,61651abd8a2fde8299a2aa5a
false,0,Drama,false,false,7.4,true,2609,false,2/21/2021,La cocinera de Castamar,2021,61651abd8a2fde8299a2aa5b
,,"Comedy, Romance",,,7.5,,6971,,7/8/2020,Sen �al Kapimi,2020,61651abd8a2fde8299a2aa5c
,,"Drama, Fantasy, Mystery, Sci-Fi, Thriller",,,7.2,,1701,,7/16/2021,SurrealEstate,2021,61651abd8a2fde8299a2aa5d
,,"Drama, Mystery, Sci-Fi, Thriller",,,7.7,,32546,,2020-03-05h,Devs,2020,61651abd8a2fde8299a2aa5e
,,"Crime, Drama, History, Thriller",,,7.7,,14270,,9/14/2020,Des,2020,61651abd8a2fde8299a2aa5f
false,0,Drama,false,false,8.6,true,3430,false,5/14/2021,Move to Heaven,2021,61651abd8a2fde8299a2aa60
,,"Crime, Drama",,,7.5,,16887,,6/21/2020,Perry Mason,2020,61651abd8a2fde8299a2aa61
false,0,"Crime, Drama, Fantasy, Mystery",false,false,6,true,13295,false,3/25/2021,The Irregulars,2021,61651abd8a2fde8299a2aa62
,,"Adventure, Drama, Family, Fantasy, Mystery",,,7.1,,1620,,12/4/2020,The Hardy Boys,2020,61651abd8a2fde8299a2aa63
false,0,Drama,false,true,6.9,false,10688,false,11/10/2020,A Teacher,2020,61651abd8a2fde8299a2aa64
true,0,"Crime, Drama, Mystery",false,false,7.5,false,9022,false,4/3/2020,Home Before Dark,2020,61651abd8a2fde8299a2aa65
true,0,"Adventure, Drama, Thriller",false,false,7,false,8351,false,4/30/2021,The Mosquito Coast,2021,61651abd8a2fde8299a2aa66
false,0,"Crime, Drama, Mystery, Thriller",false,false,6.2,true,2426,false,8/13/2021,Disparu � jamais,2021,61651abd8a2fde8299a2aa67
,,"Animation, Short, Adventure, Comedy, Family, Fantasy",,,7.4,,95,,9/23/2021,The Croods: Family Tree,2021,61651abd8a2fde8299a2aa68
false,1,"Animation, Adventure, Comedy, Family, Fantasy",false,false,7.1,false,4977,false,7/7/2021,Monsters at Work,2021,61651abd8a2fde8299a2aa69
false,0,"Adventure, Drama, Mystery",false,false,7.4,false,13361,true,12/10/2020,The Wilds,2020,61651abd8a2fde8299a2aa6a
,,Drama,,,5.2,,341,,9/9/2021,"All the Queen's Men",2021,61651abd8a2fde8299a2aa6b
false,0,"Comedy, Drama, Family, Romance",false,false,7.2,false,228,true,9/2/2021,Back to the Rafters,2021,61651abd8a2fde8299a2aa6c
,,"Action, Adventure, Drama, History, War",,,7.9,,6534,,11/20/2019,Kurulus: Osman,2019,61651abd8a2fde8299a2aa6d
false,0,"Drama, Romance",false,false,7.4,true,17886,false,2/3/2021,Firefly Lane,2021,61651abd8a2fde8299a2aa6e
false,0,"Comedy, Drama, Romance",false,true,8.1,false,12201,false,6/17/2020,"Love, Victor",2020,61651abd8a2fde8299a2aa6f
,,"Documentary, Crime, Mystery",,,7.8,,129,,9/28/2021,Wild Crime,2021,61651abd8a2fde8299a2aa70
,,"Action, Adventure",,,5.4,,1079,,8/1/2020,Professionals,2020,61651abd8a2fde8299a2aa71
,,"Comedy, Crime, Thriller",,,7.3,,2343,,10/24/2019,Guilt,2019,61651abd8a2fde8299a2aa72
false,0,"Animation, Comedy, Sci-Fi",false,true,8,false,16316,false,5/8/2020,Solar Opposites,2020,61651abd8a2fde8299a2aa73
false,0,"Comedy, Drama, Romance",false,false,8.7,true,15824,false,6/1/2020,Saikojiman Gwaenchanha,2020,61651abd8a2fde8299a2aa74
,,"Comedy, Drama, Romance",,,5.7,,721,,10/8/2021,Pretty Smart,2021,61651abd8a2fde8299a2aa75
,,Drama,,,7.5,,602,,8/15/2021,The Newsreader,2021,61651abd8a2fde8299a2aa76
false,0,"Comedy, Drama, Thriller",false,false,7.1,true,2305,false,8/25/2021,Post Mortem: No One Dies in Skarnes,2021,61651abd8a2fde8299a2aa77
,,"Action, Crime, Mystery, Sci-Fi, Thriller",,,8.7,,2842,,3/3/2021,Mauseu,2021,61651abd8a2fde8299a2aa78
false,0,"Action, Drama, Mystery, Sci-Fi, Thriller",false,false,6.7,false,12288,true,9/24/2020,Utopia,2020,61651abd8a2fde8299a2aa79
false,0,"Drama, History, War",false,false,7.4,false,5313,true,5/13/2021,The Underground Railroad,2021,61651abd8a2fde8299a2aa7a
,,"Adventure, Comedy, Drama, Family, Mystery",,,7.7,,2784,,6/25/2021,The Mysterious Benedict Society,2021,61651abd8a2fde8299a2aa7b
false,0,Documentary,true,false,6.3,false,115,false,9/2/2021,Nuclear Family,2021,61651abd8a2fde8299a2aa7c
false,0,"Adventure, Drama, Family, Mystery",false,false,6.2,true,547,false,5/29/2021,Dive Club,2021,61651abd8a2fde8299a2aa7d
false,0,"Drama, Sci-Fi, Thriller",false,false,7.1,false,12758,true,7/15/2020,Brave New World,2020,61651abd8a2fde8299a2aa7e
,,"Drama, Romance",,,7.4,,10827,,5/19/2020,Sweet Magnolias,2020,61651abd8a2fde8299a2aa7f
false,1,"Crime, Drama, Mystery",false,false,6.5,false,2841,false,1/1/2020,Hightown,2020,61651abd8a2fde8299a2aa80
,,"Comedy, Drama",,,5.8,,216,,9/14/2021,Moonshine,2021,61651abd8a2fde8299a2aa81
false,0,"Documentary, Reality-TV",false,false,6.6,true,118,false,9/24/2021,Jailbirds New Orleans,2021,61651abd8a2fde8299a2aa82
,,Comedy,,,6.2,,1614,,4/1/2021,United States of Al,2021,61651abd8a2fde8299a2aa83
false,0,"Animation, Adventure, Comedy, Family, Music",false,false,7.5,true,40,false,9/28/2021,"Ada Twist, Scientist",2021,61651abd8a2fde8299a2aa84
false,0,Documentary,false,false,8.1,true,948,false,9/6/2021,Countdown: Inspiration4 Mission to Space,2021,61651abd8a2fde8299a2aa85
,,Comedy,,,5.2,,2318,,11/25/2020,Saved by the Bell,2020,61651abd8a2fde8299a2aa86
false,0,"Action, Adventure, Drama, History",false,false,7.2,true,20867,false,10/23/2020,Barbarians,2020,61651abd8a2fde8299a2aa87
false,0,"Adventure, Drama, Fantasy",false,false,5.9,true,26998,false,7/17/2020,Cursed,2020,61651abd8a2fde8299a2aa88
,,"Crime, Drama",,,6.1,,998,,2/3/2021,Pretty Hard Cases,2021,61651abd8a2fde8299a2aa89
,,"Crime, Drama, Fantasy, Horror, Mystery, Thriller",,,7.7,,11,,9/14/2021,Jiok,2021,61651abd8a2fde8299a2aa8a
,,"Biography, Crime, Drama",,,9.5,,131608,,10/9/2020,Scam 1992: The Harshad Mehta Story,2020,61651abd8a2fde8299a2aa8b
,,"Action, Crime, Drama, Mystery, Thriller",,,7.8,,160,,9/17/2021,Geomeun Taeyang,2021,61651abd8a2fde8299a2aa8c
,,"Crime, Drama, Mystery, Thriller",,,6.5,,7961,,2/11/2021,Clarice,2021,61651abd8a2fde8299a2aa8d
false,1,"Drama, Romance",false,false,6.7,false,3356,false,5/9/2021,The Pursuit of Love,2021,61651abd8a2fde8299a2aa8e